,region,sum,mean,count
0,East,57700.0,836.231884057971,69
1,North,97210.0,1408.840579710145,69
2,South,99420.0,1440.8695652173913,69
3,West,92400.0,1339.1304347826087,69
4,unknown,21780.0,1361.25,16
