region,total_orders,total_sales,average_order_value
South,69,99420.0,1440.8695652173913
North,69,97210.0,1408.840579710145
West,69,92400.0,1339.1304347826087
East,69,57700.0,836.231884057971
unknown,16,21780.0,1361.25
,1710,,
