age_group,total_orders,total_spent,average_order_value
Over 45,168,230640.0,1372.857142857143
36-45,52,68860.0,1324.2307692307693
25-35,46,50970.0,1108.0434782608695
Under 25,26,18040.0,693.8461538461538
,1710,,
